,code,name,ss,trade
0,1,CHEUNG KONG      HKD ,5158692,589914908
1,2,CLP HOLDINGS     HKD  ,2270511,153595571
2,3,HK &amp; CHINA GAS   HKD  ,4439215,99592124
3,4,WHARF HOLDINGS   HKD  ,13029132,880155845
4,5,HSBC HOLDINGS    HKD  ,10260031,850204976
5,6,POWER ASSETS     HKD  ,1275972,91699362
6,7,HOIFU ENERGY     HKD   ,1796000,2079140
7,8,PCCW             HKD   ,4800954,17215984
8,9,CHEUNG WO IHL    HKD   ,5658000,3591600
9,10,HANG LUNG GROUP  HKD  ,531004,23658503
10,11,HANG SENG BANK   HKD ,729553,90926991
11,12,HENDERSON LAND   HKD  ,8487828,453018495
12,13,HUTCHISON        HKD  ,8152154,666792231
13,14,HYSAN DEV        HKD  ,1687268,65046193
14,15,VANTAGE INT'L    HKD   ,912000,595740
15,16,SHK PPT          HKD ,10388515,1105592192
16,17,NEW WORLD DEV    HKD  ,8028880,105331611
17,18,ORIENTAL PRESS   HKD   ,887200,812156
18,19,SWIRE PACIFIC A  HKD  ,1269000,124761768
19,20,WHEELOCK         HKD  ,2844800,115635520
20,21,GREAT CHI PPT    HKD   ,150000,60000
21,22,MEXAN            HKD   ,200000,28800
22,23,BANK OF E ASIA   HKD  ,1258333,38838098
23,24,BURWILL          HKD   ,318000,39972
24,25,CHEVALIER INT'L  HKD  ,43688,577839
25,26,CHINA MOTOR BUS  HKD  ,2000,143200
26,27,GALAXY ENT       HKD  ,12873063,423504030
27,28,TIAN AN          HKD   ,41000,204430
28,29,DYNAMIC HOLD     HKD   ,50000,126240
29,30,ABC COM (HOLD)   HKD   ,14142000,3773170
30,31,CHINA AEROSPACE  HKD   ,3437920,2653897
31,32,CROSS-HAR(HOLD)  HKD   ,127000,835490
32,33,HARMONIC STR     HKD   ,60716000,4340278
33,34,KOWLOON DEV      HKD  ,693201,7247658
34,35,FE CONSORT INTL  HKD   ,1685848,4264141
35,36,FE HLDGS INTL    HKD   ,1126911,309170
36,37,FE HOTELS        HKD   ,978000,178170
37,38,FIRST TRACTOR    HKD   ,480000,3444920
38,39,SINO DISTILL     HKD   ,804000,515460
39,40,GOLD PEAK        HKD   ,119000,104620
40,41,GREAT EAGLE H    HKD  ,917365,29069996
41,42,NE ELECTRIC      HKD   ,1030000,1118120
42,43,C.P. POKPHAND    HKD   ,1706000,1471060
43,44,HAECO            HKD ,18800,2081960
44,45,HK&amp;S HOTELS      HKD  ,442500,5969500
45,46,COMPUTER &amp; TECH  HKD   ,310000,554200
46,47,HOP HING GROUP   HKD   ,6732000,2338880
47,50,HK FERRY (HOLD)  HKD   ,58000,496190
48,51,HARBOUR CENTRE   HKD  ,97000,1537300
49,52,FAIRWOOD HOLD    HKD  ,53000,889910
50,53,GUOCO GROUP      HKD  ,81190,7664355
51,54,HOPEWELL HOLD    HKD  ,1205300,38052045
52,55,NEWAY GROUP      HKD   ,24940000,404250
53,56,ALLIED PPT (HK)  HKD   ,346000,406800
54,57,CHEN HSONG HOLD  HKD   ,68000,176060
55,59,SKYFAME REALTY   HKD   ,2000,1160
56,60,HK FOOD INV      HKD   ,14000,11060
57,61,NORTH ASIA RES   HKD   ,971000,339030
58,62,TRANSPORT INT'L  HKD  ,36000,632232
59,64,GET NICE         HKD   ,850000,303150
60,65,DETEAM CO LTD    HKD   ,3053536,2689160
61,66,MTR CORPORATION  HKD  ,1990320,61911223
62,67,LUMENA NEWMAT    HKD   ,15908000,27010920
63,69,SHANGRI-LA ASIA  HKD  ,7505968,116618293
64,70,NEPTUNE GROUP    HKD   ,7170000,1107690
65,71,MIRAMAR HOTEL    HKD  ,54000,611060
66,72,MODERN MEDIA     HKD   ,14000,33500
67,73,ASIAN CITRUS     HKD   ,1453428,6028653
68,74,GREAT WALL TECH  HKD   ,372000,534640
69,75,Y.T. REALTY      HKD   ,4000,9920
70,76,SOUTH SEA PETRO  HKD   ,49916600,3944075
71,77,AMS TRANSPORT    HKD   ,20000,30400
72,78,REGAL INT'L      HKD   ,622651,2338755
73,79,CENTURY LEGEND   HKD   ,360000,108000
74,80,CNEWECON FUND    HKD   ,10100000,5858000
75,81,CH OVS G OCEANS  HKD  ,3094396,31740593
76,82,VODONE           HKD   ,5636400,3237284
77,83,SINO LAND        HKD  ,3593854,47264137
78,84,STELUX HOLDINGS  HKD   ,804784,2319884
79,85,CHINA ELECTRON   HKD   ,338000,328680
80,86,SUN HUNG KAI CO  HKD   ,1017000,5455440
81,87,SWIRE PACIFIC B  HKD  ,246038,4601057
82,88,TAI CHEUNG HOLD  HKD   ,148000,910400
83,89,TAI SANG LAND    HKD   ,100000,378500
84,90,AMBER ENERGY     HKD   ,52000,42120
85,91,NEWSMART ENERGY  HKD   ,15750000,1115650
86,92,CHAMPION TECH    HKD   ,506087,59701
87,93,TERMBRAY IND     HKD   ,112000,115740
88,94,GREENHEART GP    HKD   ,624000,417160
89,97,HENDERSON INV    HKD   ,1847000,1126050
90,98,XINGFA ALUM      HKD   ,7000,11410
91,99,WONG'S INT'L     HKD   ,179000,452400
92,100,CLEAR MEDIA      HKD   ,551000,2946220
93,101,HANG LUNG PPT    HKD  ,6861853,198423623
94,102,SUMMIT ASCENT    HKD   ,1581472,6765008
95,103,SHOUGANG CENT    HKD   ,198000,58100
96,104,ASIA COMM HOLD   HKD   ,305000,70150
97,106,SHENZHEN HI-TEC  HKD   ,2204000,874980
98,107,SICHUAN EXPRESS  HKD   ,2654000,6709580
99,110,CHINA FORTUNE    HKD   ,1274000,331540
100,111,CINDA INTL HLDG  HKD   ,262000,253380
101,112,CHI CHEUNG       HKD   ,100000,284860
102,113,DICKSON CONCEPT  HKD   ,18500,81225
103,116,CHOW SANG SANG   HKD  ,703258,16179494
104,118,COSMOS MACH      HKD   ,112000,53940
105,119,POLY PROPERTY    HKD   ,21992000,109160405
106,120,COSMOPOL INT'L   HKD   ,560000,28000
107,121,C.P. LOTUS       HKD   ,1080000,251840
108,122,CROCODILE        HKD   ,683000,312500
109,123,YUEXIU PROPERTY  HKD   ,19708248,44428720
110,124,KINGWAY BREW     HKD   ,2084000,6495060
111,126,TAK SING ALLI    HKD   ,1138000,1350800
112,127,CHINESE EST H    HKD  ,242714,3014573
113,128,ENM HOLDINGS     HKD   ,568000,253700
114,129,ASIA STANDARD    HKD   ,382000,554480
115,130,MOISELLE INT'L   HKD   ,84000,136500
116,131,CHEUK NANG HOLD  HKD   ,104000,618200
117,132,CHINA INV HOLD   HKD   ,247000,63150
118,133,CHINA MERCHANTS  HKD  ,286000,3575440
119,135,KUNLUN ENERGY    HKD  ,13562000,225661688
120,136,MASCOTTE HOLD    HKD   ,15388000,1561748
121,137,JINHUI HOLDINGS  HKD   ,202000,340540
122,138,CCT TELECOM      HKD   ,27500,20750
123,141,GREAT CHINA      HKD   ,152000,240220
124,142,FIRST PACIFIC    HKD  ,6447222,67829528
125,143,GLOBAL TECH      HKD   ,606000,32010
126,144,CHINA MER HOLD   HKD  ,1946746,51567930
127,145,HK BLDG &amp; LOAN   HKD   ,24000,5520
128,147,CHAOYUE GROUP    HKD   ,225000,73100
129,148,KINGBOARD CHEM   HKD  ,1915500,42648675
130,149,CH AGRI-PROD EX  HKD   ,49131000,13454955
131,151,WANT WANT CHINA  HKD  ,15530911,184411323
132,152,SHENZHEN INT'L   HKD   ,38277500,36041162
133,154,BEIJING DEV(HK)  HKD   ,3503000,6803000
134,155,CHINA SOLAR      HKD   ,8430000,211020
135,156,LIPPO CHINA RES  HKD   ,2380000,529360
136,157,NATURAL BEAUTY   HKD   ,70000,47900
137,159,BROCKMAN MINING  HKD   ,101000,48450
138,160,HON KWOK LAND    HKD   ,58600,191860
139,161,AVIC IHL         HKD   ,84000,235080
140,162,CENTURY GINWA    HKD   ,9418250,18455417
141,163,EMPEROR IHL      HKD   ,1259905,2711974
142,164,CHINA GAMMA      HKD   ,6025000,700150
143,165,CHINA EB LTD     HKD  ,3264000,41911960
144,166,NEWTIMES ENERGY  HKD   ,1647100,1297375
145,168,TSINGTAO BREW    HKD  ,989300,47284075
146,171,SILVER GRANT     HKD   ,100000,130180
147,172,GOLDBOND GROUP   HKD   ,470000,132650
148,173,K. WAH INT'L     HKD   ,9378535,39703269
149,174,GEMINI INV       HKD   ,110605,135107
150,175,GEELY AUTO       HKD   ,69031587,269801627
151,176,UNITED PACIFIC   HKD   ,18118682,7087099
152,177,JIANGSU EXPRESS  HKD   ,4928000,37717613
153,178,SA SA INT'L      HKD   ,3786000,28545350
154,179,JOHNSON ELEC H   HKD   ,6697000,38907492
155,180,KADER HOLDINGS   HKD   ,98000,48380
156,182,CHINA WINDPOWER  HKD   ,7950000,2303100
157,183,RICHFIELD GP     HKD   ,6096000,1893760
158,184,KECK SENG INV    HKD   ,376000,1485020
159,185,XPRESS GROUP     HKD   ,2142000,841100
160,187,BEIREN PRINTING  HKD   ,1124000,3049560
161,188,SUNWAH KINGSWAY  HKD   ,610000,109800
162,189,DONGYUE GROUP    HKD   ,10188000,47285760
163,190,HKC (HOLDINGS)   HKD   ,141105971,34134020
164,191,LAI SUN INT'L    HKD   ,71000,114720
165,193,CAPITAL ESTATE   HKD   ,55000,9350
166,194,LIU CHONG HING   HKD  ,96000,1085640
167,195,L'SEA RESOURCES  HKD   ,6240000,2327300
168,196,HONGHUA GROUP    HKD   ,16677000,65870090
169,197,HENG TAI         HKD   ,3978541,668809
170,198,SMI CORP         HKD   ,4000625,680104
171,199,ITC PPT-1000     HKD   ,225080,741205
172,200,MELCO INT'L DEV  HKD  ,8911050,122649295
173,201,MAGNIFICENT      HKD   ,1826050,831832
174,202,INTERCHINA HOLD  HKD   ,1260000,518550
175,206,TSC GROUP        HKD   ,3762000,8619350
176,207,HK PARKVIEW      HKD   ,496000,1746160
177,208,POLYTEC ASSET    HKD   ,3915000,3909150
178,210,DAPHNE INT'L     HKD   ,702000,6882220
179,211,STYLAND HOLD     HKD   ,7890000,942050
180,212,NANYANG HOLD     HKD  ,1500,47250
181,213,NATIONAL ELEC H  HKD   ,65750,69467
182,215,HUTCHTEL HK      HKD   ,3130000,12252580
183,216,CHINNEY INV      HKD   ,100000,125000
184,217,CHINA CHENGTONG  HKD   ,142000,39050
185,218,SHENYIN WANGUO   HKD   ,540000,1464400
186,220,U-PRESID CHINA   HKD   ,41914000,374062534
187,221,PNG RESOURCES    HKD   ,19440000,5241640
188,222,MIN XIN HOLD     HKD   ,1400000,6034880
189,223,SRGL             HKD   ,90000,9420
190,224,PIONEER GLOBAL   HKD   ,472000,534080
191,225,POKFULAM         HKD  ,80000,1008000
192,226,LIPPO            HKD   ,50000,187500
193,227,FIRST SHANGHAI   HKD   ,408000,292960
194,228,CHINA ENERGY     HKD   ,26000,3026
195,229,RAYMOND IND      HKD   ,208000,193440
196,230,MINMETALS LAND   HKD   ,1228000,1399780
197,231,MADEX INTL HOLD  HKD   ,36820000,4648680
198,232,AVIC INT'L       HKD   ,1222000,386350
199,233,MY MEDICARE      HKD   ,7900000,1195470
200,234,NEW CENTURY GP   HKD   ,540480,83603
201,235,CHINA STRATEGIC  HKD   ,235000,33765
202,236,SAN MIGUEL HK    HKD   ,46000,57280
203,237,SAFETY GODOWN    HKD  ,6000,69600
204,238,EVERGREEN INT    HKD   ,5173000,7678180
205,239,PAK FAH YEOW     HKD   ,82500,216575
206,240,BUILD KING HOLD  HKD   ,280000,44240
207,241,CITIC 21CN       HKD   ,274000,125480
208,242,SHUN TAK HOLD    HKD   ,5309502,22526480
209,243,QPL INT'L        HKD   ,2000,468
210,245,CHINA SEVENSTAR  HKD   ,28118200,2621296
211,250,SINO-I TECH      HKD   ,16980000,467810
212,251,SEA HOLDINGS     HKD   ,26000,134580
213,254,CH OUTDOORMEDIA  HKD   ,9025000,563125
214,255,LUNG KEE         HKD   ,942000,3051380
215,256,CHINA HAIDIAN    HKD   ,5870000,4692180
216,257,CHINA EB INT'L   HKD   ,19938280,114428525
217,260,CH ENV INV H     HKD   ,2790000,670750
218,262,DESON DEV INT'L  HKD   ,250000,154000
219,264,CHANCO INT'L     HKD   ,44000,14520
220,265,SOUTH CHINA H    HKD   ,280000,84000
221,267,CITIC PACIFIC    HKD  ,4870444,48805012
222,268,KINGDEE INT'L    HKD   ,4552000,5954840
223,269,CRTG             HKD   ,17700000,5222000
224,270,GUANGDONG INV    HKD   ,5261200,35785784
225,271,DAN FORM HOLD    HKD   ,595000,571540
226,272,SHUI ON LAND     HKD   ,6337350,21153309
227,273,WILLIE INT'L     HKD   ,5550000,4853200
228,275,HANNY HOLDINGS   HKD   ,535217,123966
229,276,MONGOLIA ENERGY  HKD   ,6915000,2212670
230,279,FREEMAN FIN      HKD   ,21320000,2384100
231,280,KING FOOK HOLD   HKD   ,202000,196240
232,281,RIVERA (HOLD)    HKD   ,764000,234340
233,285,BYD ELECTRONIC   HKD   ,1516000,3560132
234,286,G-PROP (HOLD)    HKD   ,5170300,3429489
235,289,WING ON CO       HKD  ,19000,482900
236,290,C FORTUNE FIN    HKD   ,2074000,186938
237,291,CHINA RESOURCES  HKD  ,4047435,93115452
238,292,ASIA STD HOTEL   HKD   ,320879,232206
239,293,CATHAY PAC AIR   HKD  ,5392316,71367289
240,294,YANGTZEKIANG     HKD   ,20000,57300
241,296,EMPEROR E HOTEL  HKD   ,225000,517550
242,297,SINOFERT         HKD   ,5326000,10606690
243,298,CHUANG'S CHINA   HKD   ,260000,127825
244,299,SINOCOM SOFT     HKD   ,364000,317780
245,300,KUNMING MACHINE  HKD   ,423596,989269
246,302,WING HANG BANK   HKD  ,253521,21118407
247,303,VTECH HOLDINGS   HKD  ,269044,25586654
248,305,WULING MOTORS    HKD   ,20000,9900
249,307,UP ENERGY DEV    HKD   ,19703520,11971791
250,308,CHINA TRAVEL HK  HKD   ,2216000,3413880
251,309,XH NEWS MEDIA    HKD   ,19000,3287
252,310,PROSP INV HOLD   HKD   ,730000,208050
253,311,LUEN THAI        HKD   ,16263000,34938070
254,312,SHIRBLE STORE    HKD   ,1932000,774360
255,315,SMARTONE TELE    HKD  ,822200,10406122
256,316,OOIL             HKD  ,458496,23465311
257,317,GUANGZHOU SHIP   HKD   ,318600,2134544
258,319,CHINA METAL      HKD   ,20000,33560
259,321,TEXWINCA HOLD    HKD   ,2082000,17034200
260,322,TINGYI           HKD  ,5090000,103861906
261,323,MAANSHAN IRON    HKD   ,6084000,12553516
262,326,CHINA STAR ENT   HKD   ,9095180,3597311
263,327,PAX GLOBAL       HKD   ,1503000,2703870
264,328,ALCO HOLDINGS    HKD   ,14000,22960
265,329,DRAGONITE INT'L  HKD   ,1212000,797360
266,330,ESPRIT HOLDINGS  HKD   ,4590164,43188543
267,331,PCD STORES       HKD   ,12544000,14737580
268,332,NGAI LIK IND     HKD   ,1044514,1137364
269,333,TOP FORM INT'L   HKD   ,22000,7830
270,335,UPBEST GROUP     HKD   ,20000,20000
271,336,HUABAO INTL      HKD   ,17725000,60222290
272,337,SPG LAND         HKD   ,1329000,3741510
273,338,SHANGHAI PECHEM  HKD   ,27548000,95382906
274,340,CHINA MINING     HKD   ,66086000,6010114
275,341,CAFE DE CORAL H  HKD  ,562000,13040165
276,342,NEWOCEAN ENERGY  HKD   ,5045999,22894765
277,343,CULTURECOM HOLD  HKD   ,338000,525400
278,345,VITASOY INT'L    HKD   ,420000,3646450
279,346,YANCHANG PETRO   HKD   ,14940000,7645100
280,347,ANGANG STEEL     HKD   ,7596000,34312080
281,348,LUNG CHEONG      HKD   ,1294000,467660
282,350,JINGWEI TEXTILE  HKD   ,1662000,9957500
283,351,ASIA ENERGY LOG  HKD   ,3563000,296725
284,353,ENERGY INTINV    HKD   ,1860000,46502
285,354,CHINASOFT INT'L  HKD   ,1700000,2945200
286,355,CENTURY C INT'L  HKD   ,3567317,2040274
287,357,MEILAN AIRPORT   HKD   ,230000,1672720
288,358,JIANGXI COPPER   HKD  ,7587926,130332457
289,359,HAISHENG JUICE   HKD   ,56000,26320
290,360,NEW FOCUS AUTO   HKD   ,136000,94360
291,362,C ZENITH CHEM    HKD   ,2645000,563775
292,363,SHANGHAI IND H   HKD  ,2021806,49225037
293,364,HUAFENG GROUP    HKD   ,332000,69864
294,366,LUKS GROUP (VN)  HKD   ,290000,648460
295,367,CHUANG'S INT'L   HKD   ,556032,584113
296,368,SINOTRANS SHIP   HKD   ,907000,1905770
297,370,CHINA BEST       HKD   ,2960000,236920
298,371,BJ ENT WATER     HKD   ,10473000,23932160
299,372,ITC CORPORATION  HKD   ,4228000,2505480
300,374,FOUR SEAS MER    HKD   ,36000,90600
301,375,YGM TRADING      HKD  ,57000,1254450
302,376,REORIENT GROUP   HKD   ,10000,29900
303,377,NEW ISLAND       HKD   ,2236000,3198680
304,378,CIAM GROUP       HKD   ,60000,56500
305,379,PME              HKD   ,15010000,6495700
306,380,CHINA PIPE       HKD   ,720000,23040
307,382,WELLING HOLDING  HKD   ,2238000,3564000
308,383,COL CAPITAL      HKD   ,244000,334240
309,384,CHINA GAS HOLD   HKD   ,5360000,40682470
310,385,CHINNEY ALLI     HKD   ,84000,36090
311,386,SINOPEC CORP     HKD   ,164418912,1496050157
312,388,HKEX             HKD ,2161902,288751892
313,389,TONTINE WINES    HKD   ,7348000,3908140
314,390,CHINA RAILWAY    HKD   ,18519632,73047465
315,391,MEI AH ENTER     HKD   ,1300000,167400
316,392,BEIJING ENT      HKD  ,2165600,131397372
317,393,GLORIOUS SUN     HKD   ,336000,757300
318,395,SINO DRAGON      HKD   ,1072000,156776
319,397,C GOGREEN ASSET  HKD   ,29260000,6026440
320,398,ORIENTAL WATCH   HKD   ,2996000,7179736
321,399,UNITED GENE GP   HKD   ,270200,122836
322,402,MONGOLIA INV     HKD   ,6614400,1646251
323,404,HSIN CHONG CONS  HKD   ,1358000,1595300
324,405,YUEXIU REIT      HKD   ,6294363,27519582
325,406,YAU LEE HOLD     HKD   ,244000,417420
326,408,YIP'S CHEMICAL   HKD   ,348000,2859360
327,410,SOHO CHINA       HKD   ,5454000,35397007
328,412,HERITAGE INT'L   HKD   ,3500022,1662009
329,413,SOUTH CHINA CHI  HKD   ,16000,12480
330,418,FOUNDER HOLD     HKD   ,678000,181690
331,419,JIUHAO HEALTH    HKD   ,14629375,6122931
332,420,FOUNTAIN SET     HKD   ,6194500,5677330
333,422,VMEP HOLDINGS    HKD   ,34000,25940
334,423,HKET HOLDINGS    HKD   ,20000,35200
335,425,MINTH GROUP      HKD  ,878000,9934060
336,430,ORIENTAL EXPL    HKD   ,1390000,131208
337,432,PCPD             HKD   ,225000,649860
338,433,NORTH MINING     HKD   ,46800000,19289600
339,435,SUNLIGHT REIT    HKD   ,1094999,3695256
340,438,IRICO            HKD   ,892000,312720
341,440,DAH SING         HKD  ,44800,1854500
342,444,SINCEREWATCH HK  HKD   ,458000,905450
343,445,CHINA FIRE       HKD   ,365000,55990
344,449,CHIGO HOLDING    HKD   ,6858000,1355736
345,450,HUNG HING PRINT  HKD   ,814000,1055000
346,451,SAME TIME HOLD   HKD   ,614000,4006040
347,455,TIANDA PHARMA    HKD   ,372000,148810
348,456,NEW CITY DEV     HKD   ,3366666,1107499
349,458,TRISTATE HOLD    HKD   ,2000,7600
350,459,MIDLAND IC&amp;I     HKD   ,5760000,274750
351,460,SIHUAN PHARM     HKD   ,24845957,93903024
352,467,UNITEDENERGY GP  HKD   ,2794000,3713420
353,468,GAPACK           HKD   ,232000,1217930
354,469,CAPXON INT'L     HKD   ,64000,10060
355,471,CMMB VISION      HKD   ,9329000,4831480
356,472,JLF INVESTMENT   HKD   ,30000,10900
357,474,HAO TIAN RES GP  HKD   ,44228000,13638680
358,476,SINOCOP RES      HKD   ,1430000,854300
359,477,AUPU GROUP HLDG  HKD   ,640000,437440
360,479,CIL HOLDINGS     HKD   ,540000,56980
361,480,HKR INT'L        HKD   ,582600,2424148
362,482,SANDMARTIN INTL  HKD   ,104000,52360
363,483,BAUHAUS INT'L    HKD   ,86000,98900
364,485,STARLIGHT INT'L  HKD   ,310000,40120
365,486,RUSAL            HKD   ,850000,3363450
366,487,SUCCESSUNIVERSE  HKD   ,52000,9816
367,488,LAI SUN DEV      HKD   ,27680795,6898651
368,489,DONGFENG GROUP   HKD  ,13979863,147765680
369,491,SEE CORPORATION  HKD   ,1981000,144749
370,493,GOME             HKD   ,42841000,38133993
371,494,LI &amp; FUNG        HKD  ,12617743,136210348
372,495,PALADIN          HKD   ,100000,15000
373,497,CSI PROPERTIES   HKD   ,40032354,14552873
374,498,PYI CORP         HKD   ,10289180,1957394
375,500,DVN (HOLDINGS)   HKD   ,478000,143425
376,503,LANSEN PHARMA    HKD   ,240000,524040
377,505,XINGYE COPPER    HKD   ,631000,574240
378,506,CHINA FOODS      HKD   ,6390000,29576680
379,508,DINGYI GP INV    HKD   ,5290000,1311940
380,509,SUNSHINE         HKD   ,1800000,1369850
381,510,CASH FIN SER GP  HKD   ,60000,5220
382,511,TVB              HKD  ,305100,17989843
383,512,CHINAGRANDPHARM  HKD   ,480000,247600
384,513,CONTINENTAL H    HKD   ,1370000,141530
385,515,TC ORI LIGHT     HKD   ,4606000,3731240
386,517,COSCO INTL HOLD  HKD   ,2511600,8360860
387,518,TUNGTEX (HOLD)   HKD   ,24000,18960
388,519,APPLIED DEV      HKD   ,150000,42450
389,521,SHOUGANG TECH    HKD   ,306320,138539
390,522,ASM PACIFIC      HKD  ,1607705,138590858
391,524,E-KONG GROUP     HKD   ,26600,10292
392,525,GUANGSHEN RAIL   HKD   ,4432400,17301094
393,527,CHINA RUIFENG    HKD   ,2964000,4600200
394,528,KINGDOM HOLDING  HKD   ,198000,169480
395,530,GOLDIN FIN HOLD  HKD   ,18784,24417
396,531,SAMSON HOLDING   HKD   ,11059000,16817080
397,533,GOLDLION HOLD    HKD   ,482000,1957360
398,535,GEMDALE PPT      HKD   ,32064000,25512780
399,536,TRADELINK        HKD   ,5554599,8212702
400,538,AJISEN (CHINA)   HKD   ,1149189,7331172
401,539,VICTORY CITY     HKD   ,766348,792048
402,540,SPEEDY GLOBAL    HKD   ,340000,239200
403,542,MORNING STAR     HKD   ,33000,5931
404,543,PACIFIC ONLINE   HKD   ,90000,270280
405,546,FUFENG GROUP     HKD   ,9175440,25416087
406,547,SUN INNOVATION   HKD   ,8800000,1064320
407,548,SHENZHENEXPRESS  HKD   ,3924000,11580240
408,549,QIFENG FIBER     HKD   ,412000,185970
409,550,CINMEDIA         HKD   ,54000,145380
410,551,YUE YUEN IND     HKD  ,2664564,67390797
411,552,CHINACOMSERVICE  HKD   ,9415013,48012592
412,553,NANJING PANDA    HKD   ,2544000,6361320
413,555,REXLOT HOLDINGS  HKD   ,3950000,2699750
414,556,PAN ASIA ENVIRO  HKD   ,200000,109900
415,559,HUA YI COPPER    HKD   ,4852400,2223556
416,560,CHU KONG SHIP    HKD   ,1638000,2466280
417,563,SH IND URBAN     HKD   ,5918000,9092980
418,564,ZMJ              HKD   ,201800,1698404
419,565,ART TEXTILE      HKD   ,25000,10400
420,566,HANERGY SOLAR    HKD   ,48038000,23890140
421,567,DAISHOMICROLINE  HKD   ,66000,16830
422,568,SHANDONG MOLONG  HKD   ,963200,3362860
423,569,CH AUTOMATION    HKD   ,1648000,2761660
424,570,WINTEAM PHARMA   HKD   ,22011956,75795257
425,571,ESUN HOLDINGS    HKD   ,152000,197480
426,572,CHINA PACKAGING  HKD   ,8843045,6384609
427,573,TAO HEUNG HLDGS  HKD   ,140000,624920
428,575,REGENT PACIFIC   HKD   ,10590000,1233970
429,576,ZHEJIANGEXPRESS  HKD   ,3036000,19025130
430,577,PAUL Y. ENG      HKD   ,16798000,12603880
431,578,ROSAN RES        HKD   ,95600,42002
432,579,JNCEC            HKD   ,21590000,53801280
433,580,SUN.KING ELEC    HKD   ,312000,157940
434,581,CHINA ORIENTAL   HKD   ,18000,27180
435,582,GREENFIELD CHEM  HKD   ,8065000,695670
436,585,IMAGI INT'L      HKD   ,10793328,989771
437,587,HUA HAN          HKD   ,9002144,20810111
438,588,BEIJING N STAR   HKD   ,1024000,1907040
439,589,PORTS            HKD   ,4764000,31944985
440,590,LUK FOOK HOLD    HKD  ,1891894,47501751
441,592,BOSSINI INT'L    HKD   ,378000,155460
442,595,AV CONCEPT HOLD  HKD   ,1908000,913330
443,596,INSPUR INT'L     HKD   ,2467000,751160
444,598,SINOTRANS        HKD   ,867000,1387990
445,599,E. BON HOLDINGS  HKD   ,220000,173300
446,601,GROUP SENSE      HKD   ,130000,23656
447,602,JIAHUA STORES H  HKD   ,6272000,2704877
448,603,CHINA OIL &amp; GAS  HKD   ,34740000,52510400
449,604,SHENZHEN INVEST  HKD   ,8140000,25503340
450,605,C FIN SERVICES   HKD   ,2056000,1356060
451,606,CHINA AGRI       HKD   ,16430385,66466860
452,609,TIANDE CHEMICAL  HKD   ,4000,6120
453,610,WAI KEE HOLD     HKD   ,164000,341260
454,611,CNI 23 INT'L     HKD   ,1744000,2927940
455,612,CHINA INV FUND   HKD   ,8800,1699
456,613,YUGANG INT'L     HKD   ,22180000,1294316
457,616,EASYKNIT ENT     HKD   ,1976000,366804
458,617,PALIBURG HOLD    HKD   ,112200,294130
459,618,EC-FOUNDER       HKD   ,234000,105150
460,620,UDL HOLDINGS     HKD   ,185200,87184
461,622,ENERCHINA HOLD   HKD   ,12120350,1883436
462,623,SINOMEDIA        HKD   ,573000,2593850
463,626,PUBLIC FIN HOLD  HKD   ,44000,172500
464,628,DORE HOLDINGS    HKD   ,86043,5962
465,629,YUE DA MINING    HKD   ,109000,50175
466,631,SANY INT'L       HKD   ,14343500,53393580
467,633,CH ALL ACCESS    HKD   ,4856000,12168320
468,635,PLAYMATES        HKD   ,175200,1232830
469,637,LEE KEE          HKD   ,20000,8800
470,638,KIN YAT HOLD     HKD   ,69752,67231
471,639,SHOUGANG RES     HKD   ,25880000,84549400
472,640,INFINITY CHEM    HKD   ,1056000,439120
473,641,FONG'S IND       HKD   ,138000,263400
474,643,CARRY WEALTH     HKD   ,20000,8000
475,646,CHINA ENV TEC    HKD   ,3744000,643536
476,647,JOYCE BOUTIQUE   HKD   ,88000,47520
477,650,SHUN CHEONG      HKD   ,300000,144000
478,651,CHI O SHIPBLDG   HKD   ,3642500,303797
479,653,BONJOUR HOLD     HKD   ,12232000,14508160
480,655,HK CHINESE LTD   HKD   ,128000,186880
481,656,FOSUN INTL       HKD   ,8082500,42415201
482,657,G-VISION INT'L   HKD   ,442000,62096
483,658,C TRANSMISSION   HKD   ,13756000,50896755
484,659,NWS HOLDINGS     HKD  ,1717584,23587979
485,661,CDAYENONFER      HKD   ,3944100,999764
486,662,ASIA FINANCIAL   HKD   ,74000,251280
487,663,KING STONE ENGY  HKD   ,1694000,713345
488,665,HAITONG INT'L    HKD   ,1083909,3577255
489,666,SHK HK IND       HKD   ,392000,72196
490,668,DOWELL PPT       HKD   ,130000,112700
491,669,TECHTRONIC IND   HKD  ,9330950,179772224
492,670,CHINA EAST AIR   HKD   ,6278000,20956930
493,672,ZHONGAN REALEST  HKD   ,328200,406384
494,673,CHINA HEALTH     HKD   ,3000,945
495,677,GOLDEN RES DEV   HKD   ,456000,184680
496,678,GENTING HK       HKD   ,232000,766460
497,680,NAN HAI CORP     HKD   ,55678780,1954178
498,681,CHI PEOPLE HOLD  HKD   ,30108000,7611350
499,683,KERRY PPT        HKD  ,2706760,93313748
500,686,GOLDPOLY NEW EN  HKD   ,4712000,5847080
501,688,CHINA OVERSEAS   HKD  ,24202035,531161741
502,689,EPI (HOLDINGS)   HKD   ,16970250,3204075
503,691,SHANSHUI CEMENT  HKD   ,4352000,19937370
504,692,CHINA HOUSEHOLD  HKD   ,18506929,8552712
505,694,BEIJING AIRPORT  HKD   ,8755872,47231103
506,695,DONGWU CEMENT    HKD   ,300000,387780
507,696,TRAVELSKY TECH   HKD   ,570000,2899400
508,697,SHOUGANG INT'L   HKD   ,7718000,3375490
509,698,TONGDA GROUP     HKD   ,13281769,7049712
510,700,TENCENT          HKD ,5703024,1435791890
511,701,CNT GROUP        HKD   ,52000,17420
512,702,SINO OIL &amp; GAS   HKD   ,30410000,4556360
513,703,FUTURE BRIGHT    HKD   ,2244000,5913840
514,704,HUSCOKE RES      HKD   ,461419,54788
515,705,CVM MINERALS     HKD   ,3640000,222440
516,706,FINTRONICS       HKD   ,400000,64000
517,707,CO-PROSPERITY    HKD   ,2000,296
518,708,NEW MEDIA        HKD   ,260000,70800
519,709,GIORDANO INT'L   HKD   ,1965000,15332324
520,710,VARITRONIX INTL  HKD   ,1043031,4823181
521,711,CHUN WO DEV      HKD   ,440000,250800
522,712,COMTEC SOLAR     HKD   ,21178000,27628590
523,713,WORLD HOUSEWARE  HKD   ,502000,155590
524,715,HUTCH HARB RING  HKD   ,1824000,1169520
525,716,SINGAMAS CONT    HKD   ,3948000,8057164
526,717,EMPEROR CAPITAL  HKD   ,1410000,513510
527,718,BESTWAY INT'L    HKD   ,370000,15270
528,719,SHANDONG XINHUA  HKD   ,54000,125200
529,721,C FIN INT INV    HKD   ,3890000,1510250
530,723,SUSTAIN FOREST   HKD   ,15517500,805447
531,724,SINO-TECH INT'L  HKD   ,1430000,53080
532,726,SOUTH EAST GP    HKD   ,90000,28910
533,728,CHINA TELECOM    HKD   ,38953127,155324218
534,729,SINOPOLYBATTERY  HKD   ,5700000,1670500
535,730,SHOUGANG GRAND   HKD   ,16000,6160
536,731,SAMSON PAPER     HKD   ,324000,124740
537,732,TRULY INT'L      HKD   ,20352000,80059550
538,733,HOPEFLUENT       HKD   ,2342129,5548172
539,735,C P NEW ENERGY   HKD   ,7840000,3689100
540,736,CHINA PPT INV    HKD   ,1738333,185164
541,737,HOPEWELL INFR    HKD   ,1149700,4489173
542,738,LE SAUNDA HOLD   HKD   ,120000,292940
543,743,ASIA CEMENT CH   HKD   ,545000,2106900
544,745,CH RAILSMEDIA    HKD   ,3436000,1253150
545,746,L &amp; M CHEMICAL   HKD   ,420000,1904480
546,747,SHENYANG PUBLIC  HKD   ,400000,190000
547,750,SINGYES SOLAR    HKD   ,16187800,104320270
548,751,SKYWORTHDIGITAL  HKD   ,4538450,23997486
549,752,PICO FAR EAST    HKD   ,568000,1556820
550,753,AIR CHINA        HKD   ,22788481,156856579
551,754,HOPSON DEV HOLD  HKD  ,2962000,34084520
552,755,SHANGHAI ZENDAI  HKD   ,1950000,292750
553,756,CHI TIANYI HOLD  HKD   ,872000,883320
554,757,SOLARGIGA        HKD   ,5491555,2269206
555,758,JUNEFIELD GROUP  HKD   ,338000,164230
556,759,CEC INT'L HOLD   HKD   ,4260001,4661561
557,760,TALENT PPT GP    HKD   ,840000,134880
558,762,CHINA UNICOM     HKD  ,17879508,190243424
559,763,ZTE              HKD  ,5332537,74789533
560,764,ETERNITY INV     HKD   ,7367237,9600981
561,765,PERFECTECH INTL  HKD   ,1454000,1489520
562,766,SINO PROSPER SG  HKD   ,375000,79655
563,767,PACIFIC PLYWOOD  HKD   ,1843325,179890
564,769,CHINA RAREEARTH  HKD   ,4982780,6964706
565,770,SHANGHAI GROWTH  USD   ,10000,13400
566,771,AUTOMATED SYS    HKD   ,270000,273180
567,775,CKLIFE SCIENCES  HKD   ,1416000,965280
568,777,NETDRAGON        HKD   ,1456000,13816195
569,778,FORTUNE REIT     HKD   ,2064000,14247170
570,789,ARTINI           HKD   ,160000,38900
571,794,COME SURE GROUP  HKD   ,214000,99140
572,800,A8 DIGITALMUSIC  HKD   ,35826759,15077073
573,801,GOLDEN MEDITECH  HKD   ,1868000,1790080
574,802,RCG              HKD   ,371000,162565
575,805,GLENCORE-S       HKD  ,18000,762185
576,806,VALUE PARTNERS   HKD   ,1908000,9614590
577,808,PROSPERITY REIT  HKD   ,2614999,6967587
578,809,GLOBAL BIO-CHEM  HKD   ,3108000,2225140
579,811,XINHUA WINSHARE  HKD   ,1485000,6514990
580,812,TANRICH          HKD   ,28000,8630
581,813,SHIMAO PROPERTY  HKD  ,19602500,277809514
582,814,JINGKELONG       HKD   ,212000,670910
583,815,CHI SILVER GP    HKD   ,1654000,2216340
584,816,HUADIAN FUXIN    HKD   ,63810000,122997700
585,817,FRANSHION PPT    HKD   ,5882583,14629030
586,818,HI SUN TECH      HKD   ,369000,340230
587,819,TIANNENG POWER   HKD   ,2010239,10894613
588,820,HSBCDRAGON FUND  HKD   ,103432,723920
589,821,VC HOLDINGS      HKD   ,3980000,3985480
590,822,KA SHUI INT'L    HKD   ,6352000,12037860
591,823,LINK REIT        HKD  ,3783176,159660614
592,825,NWDS CHINA       HKD   ,1198255,5339157
593,826,TIANGONG INT'L   HKD   ,33295000,73342880
594,827,KO YO GROUP      HKD   ,1620000,187460
595,829,SHENGUAN HLDGS   HKD   ,1370000,5438160
596,830,FAR EAST GLOBAL  HKD   ,4880000,11982300
597,831,CR ASIA          HKD   ,2000,10600
598,832,CENTRAL CHINA    HKD   ,708634,1830090
599,833,ALLTRONICS       HKD   ,1223000,1859560
600,834,KANGDA FOOD      HKD   ,100000,66200
601,835,ASIA COAL        HKD   ,660000,82010
602,836,CHINA RES POWER  HKD  ,5704900,135373782
603,837,CARPENTER TAN    HKD   ,310000,1555320
604,838,EVA HOLDINGS     HKD   ,4052000,4416600
605,839,TIANDA OIL PIPE  HKD   ,1204000,1698440
606,840,TIANYE WATER     HKD   ,282000,237200
607,841,CASSAVA RES      HKD   ,22000,14960
608,842,LEOCH INT'L      HKD   ,1391000,1427915
609,844,GRAND CONCORD    HKD   ,1568000,1276960
610,845,GLORIOUS PPT H   HKD   ,2844000,3488550
611,846,MINGFA GROUP     HKD   ,2426000,6224130
612,848,MAOYE INT'L      HKD   ,22127000,40072185
613,850,PETROASIAN       HKD   ,3036000,519760
614,852,STRONG PETRO     HKD   ,26000,21000
615,853,MICROPORT        HKD   ,12604800,66138804
616,855,CHINA WATER      HKD   ,1458000,3348010
617,856,VST HOLDINGS     HKD   ,1560000,3147460
618,857,PETROCHINA       HKD  ,64823025,667157963
619,858,EXTRAWELL PHAR   HKD   ,7540000,5240200
620,860,MING FUNG JEWEL  HKD   ,1810000,555050
621,861,DIGITAL CHINA    HKD  ,1725597,18040707
622,862,VISION VALUES    HKD   ,76000,13376
623,864,WING LEE PPT     HKD   ,1048000,959180
624,866,CHINA QINFA      HKD   ,966000,936540
625,867,CMS              HKD   ,3448000,26891945
626,868,XINYI GLASS      HKD   ,5160676,28563398
627,869,PLAYMATES TOYS   HKD   ,1782480,1296640
628,871,XIANGYU DREDG    HKD   ,2084000,3344530
629,872,JH AUTO SAFETY   HKD   ,200000,69710
630,873,C TAIFENG BED    HKD   ,1464000,3060820
631,874,GUANGZHOU PHAR   HKD  ,5190000,134744300
632,875,CYPRESS JADE     HKD   ,420000,119700
633,876,WING LEE HOLD    HKD   ,372000,235320
634,877,O-NET COMM GP    HKD   ,586000,1058410
635,878,SOUNDWILL HOLD   HKD  ,180000,3596540
636,880,SJM HOLDINGS     HKD  ,13883400,275706302
637,881,ZHONGSHENG HLDG  HKD   ,6094000,58955538
638,882,TIANJIN DEV      HKD   ,5174200,31735428
639,883,CNOOC            HKD  ,52017958,785925698
640,884,CIFI HOLD GP     HKD   ,8738000,12040380
641,885,FOREFRONT GROUP  HKD   ,8190000,1950180
642,886,SILVER BASE      HKD   ,4507325,10260702
643,887,EMPEROR WATCH&amp;J  HKD   ,6080000,4802700
644,888,ROADSHOW         HKD   ,2974000,3230640
645,889,DATRONIX HOLD    HKD   ,140000,165280
646,891,TRINITY          HKD   ,7248000,28688000
647,893,CHINAVTM MINING  HKD   ,2029000,3619590
648,894,MAN YUE TECH     HKD   ,102000,116860
649,895,DONGJIANG ENV    HKD  ,108600,4744340
650,897,WAI YUEN TONG    HKD   ,1330000,276210
651,898,MULTIFIELD INTL  HKD   ,2744000,809790
652,899,ASIA RESOURCES   HKD   ,2500000,74660
653,901,RADFORD CAPITAL  HKD   ,129440000,11021020
654,902,HUANENG POWER    HKD   ,20521177,168000753
655,903,TPV TECHNOLOGY   HKD   ,2568000,5924840
656,904,CHINA GREEN      HKD   ,1815000,2248170
657,905,MASTERMIND CAP   HKD   ,80000,5440
658,906,COFCO PACKAGING  HKD   ,2597297,15749447
659,908,ZHUHAI H INV     HKD   ,3364032,4130539
660,912,SUGA INT'L       HKD   ,92000,197980
661,913,UNITY INV HOLD   HKD   ,1985000,1588000
662,914,ANHUI CONCH      HKD  ,11028428,293322015
663,915,LINMARK GROUP    HKD   ,772000,300410
664,916,CHINA LONGYUAN   HKD   ,19023280,134924571
665,917,NEW WORLD CHINA  HKD   ,1541004,5154143
666,918,TAKSON HOLDINGS  HKD   ,62000,21720
667,919,MODERN BEAUTY    HKD   ,260000,239400
668,921,HISENSE KELON    HKD   ,4856000,19279840
669,922,CHINA BOON HLDG  HKD   ,1240000,121700
670,925,BJ PROPERTIES    HKD   ,1282000,670780
671,926,BESUNYEN         HKD   ,501000,153760
672,927,FUJIKON IND      HKD   ,4758000,17257620
673,928,TACK FIORI       HKD   ,1524000,1048360
674,929,IPE GROUP        HKD   ,7040000,4783450
675,931,ARTEL GROUP      HKD   ,11660000,2668960
676,933,BRIGHTOIL        HKD   ,1906000,2744350
677,934,SINOPEC KANTONS  HKD   ,1506000,10359900
678,935,DRAGON CROWN     HKD   ,462000,439580
679,938,MAN SANG INT'L   HKD   ,1766000,1139880
680,939,CCB              HKD   ,207020929,1322430412
681,940,C ANIMAL HEALTH  HKD   ,27000,49210
682,941,CHINA MOBILE     HKD  ,18278403,1506520173
683,945,MANULIFE-S       HKD ,37665,4319035
684,947,MOBI DEV         HKD   ,324000,307370
685,948,Z-OBEE           HKD   ,78000,70980
686,950,LEE'S PHARM      HKD   ,180000,980450
687,951,CHAOWEI POWER    HKD   ,3110000,11712672
688,953,MEIKE INT'L      HKD   ,26000,8390
689,956,CHINA SUNTIEN    HKD   ,8705000,18942000
690,958,HN RENEWABLES    HKD   ,17008000,36233628
691,959,AMAX HLDGS       HKD   ,13645500,616638
692,960,LONGFOR PPT      HKD  ,3391029,43390126
693,963,BLOOMAGE BIOTEC  HKD   ,517500,3413350
694,966,CHINA TAIPING    HKD  ,1268800,16881626
695,967,SOUND GLOBAL     HKD   ,205000,724820
696,969,HUA LIEN INT'L   HKD   ,1824000,1284300
697,970,SPARKLE ROLL     HKD   ,1800000,1322160
698,973,L'OCCITANE       HKD  ,1406650,33067790
699,975,MONGOL MINING    HKD   ,1911000,5574940
700,976,CHIHO-TIANDE     HKD   ,1416000,5120690
701,978,TONIC IND HOLD   HKD   ,1350000,3387500
702,980,LIANHUA          HKD   ,724600,4547777
703,981,SMIC             HKD   ,62862330,30146921
704,982,IONE HOLDINGS    HKD   ,8660000,446260
705,983,SOCAM DEV        HKD   ,13157,123050
706,984,AEON STORES      HKD  ,500,9700
707,985,CST MINING       HKD   ,12626720,1482183
708,986,CH ENV ENERGY    HKD   ,864320,2650976
709,987,CH RENEW EN INV  HKD   ,183726,36751
710,988,LOUDONG GN RES   HKD   ,3717072,1947618
711,989,CHINA MOTION     HKD   ,189000,33393
712,991,DATANG POWER     HKD   ,14346000,49379054
713,992,LENOVO GROUP     HKD   ,35757890,282679106
714,993,SIMSEN INT'L     HKD   ,9160600,909482
715,995,ANHUIEXPRESSWAY  HKD   ,1496000,5921000
716,996,CARNIVAL GROUP   HKD   ,2540000,1130300
717,997,CHINLINK INTL    HKD   ,4600000,2407200
718,998,CITIC BANK       HKD   ,23679753,115232021
719,999,I.T              HKD   ,935787,2982439
720,1001,VAN SHUNG CHONG  HKD   ,436000,460980
721,1003,21 HOLDINGS      HKD   ,1169000,659870
722,1005,MATRIX HOLDINGS  HKD   ,10000,16800
723,1006,CHANGSHOUHUA     HKD   ,589000,2615600
724,1008,BRILLIANT CIR    HKD   ,222000,1025160
725,1009,INT'L ENT        HKD   ,10000,11400
726,1011,NT PHARMA        HKD   ,1028000,772120
727,1019,CONVOY           HKD   ,6752000,16393660
728,1020,SINOREF HLDGS    HKD   ,1644000,681920
729,1021,MIDAS HLDGS-S    HKD   ,73000,241210
730,1023,SITOY GROUP      HKD   ,132000,478970
731,1025,WUMART           HKD  ,767000,10615460
732,1028,C.BANNER         HKD   ,667000,2267870
733,1029,IRC              HKD   ,944000,852260
734,1030,FUTURE LAND      HKD   ,1734000,2109140
735,1031,KINGSTON FIN     HKD   ,2264000,1279740
736,1032,CHUN WO W1309    HKD   ,166125,12991
737,1033,YIZHENG CHEM     HKD   ,15218000,31425896
738,1036,VANKE PPT OVS    HKD  ,271000,3625720
739,1038,CKI HOLDINGS     HKD  ,1213344,65240148
740,1039,CHANGFENG AXLE   HKD   ,10000,5600
741,1041,CH NEW ENGY PWR  HKD   ,992500,134740
742,1043,COSLIGHT TECH    HKD   ,1742200,3578186
743,1044,HENGAN INT'L     HKD  ,2438000,191100368
744,1045,APT SATELLITE    HKD   ,9292250,50081965
745,1048,NOVO GROUP       HKD   ,35000,42000
746,1050,KARRIE INT'L     HKD   ,598000,156870
747,1051,G-RESOURCES      HKD   ,12846350,5269861
748,1052,YUEXIUTRANSPORT  HKD   ,672188,2686737
749,1053,CHONGQING IRON   HKD   ,486000,609860
750,1055,CHINA SOUTH AIR  HKD   ,3997000,17052440
751,1057,ZHEJIANG SHIBAO  HKD   ,348000,935160
752,1059,KANTONE HOLDING  HKD   ,636262,50015
753,1060,CHINAVISION      HKD   ,2265000,790000
754,1062,CDB INT'L INV    HKD   ,360000,218100
755,1063,SUNCORP TECH     HKD   ,123333,24619
756,1064,ZHONG HUA INT'L  HKD   ,221500,108117
757,1065,TIANJIN CAPITAL  HKD   ,5114000,17171900
758,1066,WEIGAO GROUP     HKD   ,11286189,80678648
759,1068,YURUN FOOD       HKD   ,30683755,164108522
760,1069,JIANGCHEN INTL   HKD   ,3960000,5756720
761,1070,TCL MULTIMEDIA   HKD   ,1622832,9815106
762,1071,HUADIAN POWER    HKD   ,7130000,25224350
763,1072,DONGFANG ELEC    HKD  ,5849600,80054624
764,1073,CHINA AGROTECH   HKD   ,1872000,632100
765,1075,CAPINFO          HKD   ,5484000,1659930
766,1076,FIRST NATURAL    HKD   ,1365000,840650
767,1079,PINE TECH        HKD   ,246000,24900
768,1082,MODERN EDU       HKD   ,6014000,1377336
769,1083,TOWNGAS CHINA    HKD   ,6051000,43991355
770,1086,GOODBABY INTL    HKD   ,5770000,26377825
771,1087,HL TECHNOLOGY    HKD   ,149000,129630
772,1088,CHINA SHENHUA    HKD  ,18471694,531065148
773,1090,DA MING INT'L    HKD   ,30000,37500
774,1091,CITIC DAMENG     HKD   ,317563,240324
775,1093,CSPC PHARMA      HKD   ,3916000,13030900
776,1096,ACTIVE GROUP     HKD   ,3770000,3665260
777,1097,I-CABLE COMM     HKD   ,2537000,971665
778,1098,ROAD KING INFRA  HKD   ,608000,4452640
779,1099,SINOPHARM        HKD  ,4110808,110753790
780,1101,CH RONGSHENG     HKD   ,21833832,28576171
781,1102,ENVIRO ENERGY    HKD   ,1886000,318624
782,1103,SHANGHAI TONVA   HKD   ,5496000,3409120
783,1104,APAC RESOURCES   HKD   ,6540000,1022720
784,1105,SING TAO         HKD   ,848000,985160
785,1106,SINO HAIJING     HKD   ,65960000,16150450
786,1108,LUOYANG GLASS    HKD   ,132000,224820
787,1109,CHINA RES LAND   HKD  ,7690704,168574278
788,1110,KINGWORLD        HKD   ,340000,449360
789,1111,CHONG HING BANK  HKD  ,216900,3829136
790,1112,BIOSTIME         HKD  ,501167,20934644
791,1114,BRILLIANCE CHI   HKD  ,9090694,93507245
792,1115,TIBET 5100       HKD   ,1378000,3163225
793,1117,CH MODERN D      HKD   ,1756000,4306355
794,1118,GOLIK HOLDINGS   HKD   ,160000,120000
795,1121,BAOFENGMODERN    HKD   ,952000,1090420
796,1122,QINGLING MOTORS  HKD   ,1008000,2106520
797,1123,CHINA-HK PHOTO   HKD   ,402000,277660
798,1124,COASTAL GL       HKD   ,686000,332540
799,1125,LAI FUNG HOLD    HKD   ,7376000,1548120
800,1126,DREAM INT'L      HKD   ,23651000,26600950
801,1127,1010 PRINTING    HKD   ,45000,35910
802,1128,WYNN MACAU       HKD  ,20601800,422175200
803,1129,WATER INDUSTRY   HKD   ,1440800,2030896
804,1130,CHINAENVRES-NEW  HKD   ,130000,38290
805,1131,AGRITRADE RES    HKD   ,75000,23600
806,1132,ORANGE SKY G H   HKD   ,1950000,831400
807,1133,HARBIN ELECTRIC  HKD   ,1667710,10888409
808,1135,ASIA SATELLITE   HKD  ,555000,15532250
809,1136,TCC INT'L HOLD   HKD   ,6341000,13053820
810,1137,HKTV             HKD   ,7326000,18845430
811,1138,CHINA SHIP DEV   HKD   ,13220566,51971088
812,1140,OP FIN INV       HKD   ,20000,12400
813,1141,POLY CAPITAL     HKD   ,852400,93354
814,1143,TELEFIELD        HKD   ,250000,101220
815,1146,CH OUTFITTERS    HKD   ,298000,425120
816,1148,POWER XINCHEN    HKD   ,8968000,20735990
817,1149,ANXIN-CHINA      HKD   ,8004000,13983800
818,1150,MILAN STATION    HKD   ,444000,208510
819,1155,CENTRON TELECOM  HKD   ,349800,287256
820,1157,ZOOMLION         HKD   ,10100763,94820791
821,1161,WATER OASIS GP   HKD   ,5960000,3456300
822,1163,DEJIN RES        HKD   ,160450,62357
823,1164,CGN MINING       HKD   ,525000,386200
824,1165,SHUNFENG PV      HKD   ,6926000,6979200
825,1166,SOLARTECH INT'L  HKD   ,530130,250708
826,1168,SINOLINK HOLD    HKD   ,686000,446920
827,1169,HAIER ELEC       HKD  ,4207503,51574611
828,1170,KINGMAKER        HKD   ,46000,63800
829,1171,YANZHOU COAL     HKD  ,17298104,186167676
830,1172,MIDAS INT'L      HKD   ,20000,4040
831,1174,PACIFIC ANDES    HKD   ,2757328,1064164
832,1176,ZHUGUANG HOLD    HKD   ,214000,369440
833,1177,SINO BIOPHARM    HKD   ,18983999,103075590
834,1180,PARADISE ENT     HKD   ,17983000,1961394
835,1181,TANG PALACE      HKD   ,134000,208380
836,1182,C Y FOUNDATION   HKD   ,350000,36780
837,1183,ALLIEDPPT W1606  HKD   ,1240000,102340
838,1184,S.A.S. DRAGON    HKD   ,92000,165720
839,1185,CHINA ENERGINE   HKD   ,1360000,499470
840,1186,CHINA RAIL CONS  HKD   ,11820000,85225567
841,1188,HYBRID KINETIC   HKD   ,124000,13570
842,1190,BOLINA           HKD   ,3638000,9712220
843,1191,YUESHOU ENV      HKD   ,78006800,1035336
844,1193,CHINA RES GAS    HKD  ,3722000,80209375
845,1194,C PRECIOUSMETAL  HKD   ,3564800,4996470
846,1195,KINGWELL GROUP   HKD   ,3672000,3149640
847,1198,ROYALE FURN      HKD   ,1770125,1177918
848,1199,COSCO PACIFIC    HKD  ,5184540,58994390
849,1200,MIDLAND HOLDING  HKD   ,2375000,7961620
850,1201,KITH HOLDINGS    HKD   ,28000,24640
851,1203,GUANGNAN (HOLD)  HKD   ,100000,95110
852,1205,CITIC RESOURCES  HKD   ,2246700,2357455
853,1206,TECHNOVATOR      HKD   ,562000,1009880
854,1208,MMG              HKD   ,2004000,6088540
855,1210,CHRISTINE        HKD   ,774000,1054720
856,1211,BYD COMPANY      HKD  ,2566500,64452312
857,1212,LIFESTYLE INT'L  HKD  ,1292000,22282680
858,1215,KAI YUAN HLDGS   HKD   ,730000,141530
859,1217,CH INNOVATION    HKD   ,944000,23624
860,1220,ZHIDAO INT'L     HKD   ,390000,57720
861,1221,SINO HOTELS      HKD   ,2271,5936
862,1222,WANG ON GROUP    HKD   ,5440000,644860
863,1223,SYMPHONY HOLD    HKD   ,105000,31400
864,1224,C C LAND         HKD   ,4910596,11348786
865,1225,LERADO GROUP     HKD   ,144000,138600
866,1227,NATIONAL INV     HKD   ,140000,67850
867,1228,SUPERB SUMMIT    HKD   ,9460000,2888475
868,1230,YASHILI INT'L    HKD   ,8491000,22935020
869,1231,NEWTON RES       HKD   ,820000,640880
870,1232,GW TIANDI        HKD   ,1052000,1436340
871,1234,CHINA LILANG     HKD   ,781000,3810700
872,1235,TRAVEL EXPERT    HKD   ,180000,110300
873,1236,QIANLONG TECH    HKD   ,208000,173120
874,1237,MERRY GARDEN     HKD   ,2866000,4279120
875,1238,POWERLONG        HKD   ,2030000,3671730
876,1239,JIN BAO BAO H    HKD   ,144000,116520
877,1240,SUNLEY HLDGS     HKD   ,3877500,9003850
878,1251,SPT ENERGY       HKD   ,13538000,51190690
879,1252,CHINA TIANRUI    HKD   ,205000,447250
880,1259,PRINCE FROG      HKD   ,13876000,53419358
881,1260,WONDERFUL SKY    HKD   ,54000,49900
882,1262,LABIXIAOXIN      HKD   ,5216000,19743205
883,1265,TIANJINJINRAN    HKD   ,5100000,14202200
884,1266,XIWANG STEEL     HKD   ,774000,870360
885,1269,CHINA VEH COM    HKD   ,390000,617800
886,1277,KINETIC M&amp;E      HKD   ,102000,60680
887,1278,CHINANEWTOWN     HKD   ,11152119,6850307
888,1280,HUIYIN APP       HKD   ,1648000,465700
889,1281,KAI SHI CHINA    HKD   ,12000,23400
890,1282,WWTT             HKD   ,1236000,245344
891,1288,ABC              HKD   ,114734752,437151998
892,1293,BAOXIN AUTO      HKD   ,2778500,18871302
893,1296,GUODIAN TECH     HKD   ,3265000,8307035
894,1298,TECHCOMP         HKD   ,2000,3000
895,1299,AIA              HKD  ,22269630,756138377
896,1300,TRIGIANT         HKD   ,2391000,5083780
897,1303,HUILI RES        HKD   ,3106000,6663980
898,1308,SITC             HKD   ,552000,1656170
899,1312,ALLIED CEMENT    HKD   ,72000,57600
900,1313,CHINARES CEMENT  HKD   ,6045000,27013750
901,1314,TSUI WAH HLDG    HKD   ,1638000,6438260
902,1315,VISION FAME      HKD   ,3936000,6030420
903,1318,GREENS HOLDINGS  HKD   ,448000,181710
904,1319,OIWAHPAWN        HKD   ,2808000,3581480
905,1322,CW GROUP HOLD    HKD   ,2404000,4483120
906,1323,NEWTREE GROUP    HKD   ,5742000,11414780
907,1329,JUDA INTL        HKD   ,1622000,2506820
908,1332,QUALIPAK         HKD   ,158550,103598
909,1333,CHINA ZHONGWANG  HKD   ,1331600,3562398
910,1335,SHEEN TAI        HKD   ,2302000,4192920
911,1336,NCI              HKD  ,2505160,66327542
912,1338,BAWANG GROUP     HKD   ,14576000,6245920
913,1339,PICC GROUP       HKD   ,104959000,430419240
914,1348,QUALI-SMART      HKD   ,268000,246880
915,1350,HKRH W1801       HKD   ,2424000,193488
916,1361,361 DEGREES      HKD   ,1850000,4178610
917,1366,JIANGNAN GP      HKD   ,952000,1310980
918,1368,XTEP INT'L       HKD   ,497000,1497714
919,1378,CHINAHONGQIAO    HKD   ,4295000,16638995
920,1382,PACIFICTEXTILES  HKD   ,1131100,9356600
921,1383,SUNCENTURY GP    HKD   ,1601400,634068
922,1386,WALKER GROUP     HKD   ,44000,16000
923,1387,RENHE COMM       HKD   ,27310000,13077210
924,1388,EMBRY HOLDINGS   HKD   ,213000,884510
925,1393,HIDILI INDUSTRY  HKD   ,6746580,12315895
926,1398,ICBC             HKD   ,181502542,988755123
927,1399,SCUD GROUP       HKD   ,240000,86300
928,1428,BRIGHT SMART     HKD   ,198000,180760
929,1488,L&amp;M HANDBAGS     HKD   ,4058000,5061300
930,1555,MIE HOLDINGS     HKD   ,2274000,4691220
931,1600,TIAN LUN GAS     HKD   ,160500,906165
932,1613,SYNERTONE        HKD   ,72000,34080
933,1618,MCC              HKD   ,1448000,2192060
934,1623,HILONG           HKD   ,2258000,7411666
935,1628,YUZHOU PPT       HKD   ,3763200,7194599
936,1633,MAGIC HOLDINGS   HKD   ,826504,2628904
937,1638,KAISA GROUP      HKD   ,6903000,15151040
938,1666,TONG REN TANG    HKD  ,770000,20468000
939,1668,CHINASOUTHCITY   HKD   ,5592000,7258320
940,1682,FORD GLORY GP    HKD   ,64000,62640
941,1685,BOER POWER       HKD   ,1557000,7154740
942,1699,PUTIAN FOOD      HKD   ,208000,198680
943,1700,SPRINGLAND       HKD   ,2033000,8196832
944,1708,SAMPLE TECH      HKD   ,1000,9650
945,1728,ZHENGTONGAUTO    HKD   ,5689500,30193067
946,1733,WINSWAY          HKD   ,2976000,2880680
947,1766,CSR              HKD   ,14273000,78386204
948,1768,SATERI           HKD   ,893500,1456150
949,1777,FANTASIA         HKD   ,5380500,6378930
950,1788,GUOTAI JUNAN I   HKD   ,3109000,11057875
951,1798,DATANG RENEW     HKD   ,6791000,9981930
952,1800,CHINA COMM CONS  HKD   ,61951524,437355027
953,1803,ASR HOLDINGS     HKD   ,100000,211475
954,1812,CHENMING PAPER   HKD   ,243000,701865
955,1813,KWG PROPERTY     HKD   ,6400460,30369492
956,1818,ZHAOJIN MINING   HKD  ,5390500,56565670
957,1822,PERCEPTIONDIGIT  HKD   ,375000,48765
958,1828,DCH HOLDINGS     HKD   ,2204000,16067380
959,1829,CMEC             HKD   ,4180000,25698935
960,1830,PERFECT SHAPE    HKD   ,16000,8480
961,1831,SHIFANG HLDG     HKD   ,177000,70455
962,1833,INTIME           HKD   ,6746607,60183957
963,1836,STELLA HOLDINGS  HKD  ,323000,7625975
964,1838,CHINAPROPERTIES  HKD   ,256000,551990
965,1866,CHINA XLX FERT   HKD   ,9000,20880
966,1868,NEO-NEON         HKD   ,3502000,6189220
967,1878,SOUTHGOBI-S      HKD  ,77100,1198538
968,1880,BELLE INT'L      HKD  ,22846500,300002685
969,1881,REGAL REIT       HKD   ,3493000,8507850
970,1882,HAITIAN INT'L    HKD  ,7256000,82545136
971,1883,CITIC TELECOM    HKD   ,2596000,7424950
972,1886,HUIYUAN JUICE    HKD   ,4555500,17732017
973,1888,KB LAMINATES     HKD   ,3055586,10355323
974,1889,WUYI PHARMA      HKD   ,910000,319762
975,1893,SINOMA           HKD   ,5507000,11562830
976,1898,CHINA COAL       HKD   ,25267251,177281024
977,1899,XINGDA INT'L     HKD   ,6263139,15604979
978,1900,CHINA ITS        HKD   ,1989000,2653830
979,1910,SAMSONITE        HKD  ,9553074,186975813
980,1913,PRADA            HKD  ,1017728,80733592
981,1918,SUNAC            HKD   ,28306000,159288953
982,1919,CHINA COSCO      HKD   ,4092500,15728130
983,1928,SANDS CHINA LTD  HKD  ,15198375,614076071
984,1929,CHOW TAI FOOK    HKD  ,3969500,42025422
985,1938,CHU KONG PIPE    HKD   ,4676000,17919475
986,1966,CHINA SCE PPT    HKD   ,349000,666640
987,1968,PEAK SPORT       HKD   ,1420000,1833080
988,1972,SWIREPROPERTIES  HKD  ,3251545,88184610
989,1988,MINSHENG BANK    HKD  ,29909784,320187947
990,1991,TA YANG GROUP    HKD   ,56000,26330
991,1997,RMIH             HKD   ,516000,785920
992,1998,FLYKE INT'L      HKD   ,422000,204840
993,1999,MAN WAH HLDGS    HKD   ,2287400,16828958
994,2000,SIM TECH         HKD   ,4588000,1350410
995,2002,SUNSHINE PAPER   HKD   ,622500,558185
996,2005,LIJUN INT'L      HKD   ,1770000,4160330
997,2006,JINJIANG HOTELS  HKD   ,734000,1004420
998,2007,COUNTRY GARDEN   HKD   ,16907459,67667731
999,2008,PHOENIX TV       HKD   ,14806000,42222210
1000,2009,BBMG             HKD   ,6392000,40190675
1001,2010,REAL NUTRI       HKD   ,6320000,13230920
1002,2011,KEE              HKD   ,50000,25000
1003,2012,SUNSHINE OIL     HKD   ,4295500,9137605
1004,2018,AAC TECH         HKD  ,8645038,310057698
1005,2020,ANTA SPORTS      HKD   ,3023000,20038502
1006,2028,JOLIMARK         HKD   ,476000,430800
1007,2033,TIME WATCH       HKD   ,8788000,8283800
1008,2038,FIH              HKD   ,9732844,28610925
1009,2039,CIMC             HKD  ,475000,6395990
1010,2068,CHALIECO         HKD   ,20000,80000
1011,2078,PANASIALUM       HKD   ,3054010,6352000
1012,2083,CHINAFLOORING    HKD   ,726000,1141870
1013,2088,XIWANG SUGAR     HKD   ,638000,495160
1014,2098,ZALL DEV         HKD   ,1044000,3107980
1015,2099,CHINAGOLDINTL    HKD  ,66900,1878830
1016,2118,TIAN SHAN DEV    HKD   ,1528000,2922720
1017,2121,FIRST CHEM       HKD   ,399000,662240
1018,2123,GOLDEN SHIELD    HKD   ,848000,284980
1019,2128,CHINA LIANSU     HKD   ,4426000,20086240
1020,2133,CH POLYMETAL     HKD   ,105000,142800
1021,2168,YINGDE GASES     HKD   ,2026000,18104575
1022,2178,PETRO-KING       HKD   ,2426000,11017166
1023,2188,TITANS ENERGY    HKD   ,20000,9300
1024,2196,FOSUN PHARMA     HKD  ,9754400,134889175
1025,2198,CHINA SANJIANG   HKD   ,1621000,6150810
1026,2200,HOSA INT'L       HKD   ,1616000,4183680
1027,2208,GOLDWIND         HKD   ,5196000,24068626
1028,2218,ANDRE JUICE      HKD   ,42900,128979
1029,2222,NVC LIGHTING     HKD   ,15155000,26474780
1030,2223,CASABLANCA       HKD   ,3913000,8457140
1031,2228,CECEP COSTIN     HKD   ,1254000,4142010
1032,2233,WESTCHINACEMENT  HKD   ,14632000,19399680
1033,2236,WISON ENGRG      HKD   ,617000,2317840
1034,2238,GAC GROUP        HKD   ,5210295,33879370
1035,2266,DORSETT          HKD   ,1343999,2977642
1036,2268,YOUYUAN HLDGS    HKD   ,928000,2271110
1037,2282,MGM CHINA        HKD  ,5004584,84694260
1038,2288,RYKADAN CAPITAL  HKD   ,52000,76450
1039,2299,BILLION IND      HKD   ,858500,4438507
1040,2300,AMVIG HOLDINGS   HKD   ,416000,1213480
1041,2302,CNNC INT'L       HKD   ,25000,50250
1042,2307,KAM HING INT'L   HKD   ,292000,208520
1043,2310,FOREBASE INTL    HKD   ,208000,246280
1044,2312,CH FIN LEASING   HKD   ,538000,70850
1045,2313,SHENZHOU INTL    HKD  ,2255000,48622525
1046,2314,LEE &amp; MAN PAPER  HKD   ,3116800,18995837
1047,2317,VEDAN INT'L      HKD   ,1408000,741000
1048,2318,PING AN          HKD  ,11976305,724673876
1049,2319,MENGNIU DAIRY    HKD  ,8984300,194098060
1050,2322,NOBLE CENTURY    HKD   ,220000,56350
1051,2324,CAPITAL VC       HKD   ,14390000,1128720
1052,2326,BEP INT'L HOLD   HKD   ,100000,11800
1053,2328,PICC P&amp;C         HKD  ,33555047,341567503
1054,2330,CHINA UPTOWN     HKD   ,2232000,967200
1055,2331,LI NING          HKD   ,4218788,19692297
1056,2333,GREATWALL MOTOR  HKD  ,11127656,302810175
1057,2336,SUNLINK INT'L    HKD   ,1970000,509050
1058,2338,WEICHAI POWER    HKD  ,3165606,82860504
1059,2340,SYNERGIS HOLD    HKD   ,4460,3911
1060,2341,ECOGREEN         HKD   ,2486000,3782680
1061,2342,COMBA            HKD   ,14240427,38905617
1062,2343,PACIFIC BASIN    HKD   ,3818000,17385080
1063,2345,SHANGHAI PRIME   HKD   ,1084000,1122320
1064,2348,DAWNRAYS PHARMA  HKD   ,352000,696320
1065,2349,WATER PROPERTY   HKD   ,592000,375920
1066,2355,BAOYE GROUP      HKD   ,456000,2567940
1067,2356,DAHSING BANKING  HKD  ,1663892,18013970
1068,2357,AVICHINA         HKD   ,28012000,107590984
1069,2362,JINCHUAN INTL    HKD   ,3272000,5289970
1070,2366,QJY MEDIA-NEW    HKD   ,231294,82639
1071,2368,EAGLE NICE       HKD   ,340000,572960
1072,2369,CHINA WIRELESS   HKD   ,54966000,140844552
1073,2371,C ORI CULTURE    HKD   ,21540000,5651280
1074,2380,CHINA POWER      HKD   ,7284000,18427477
1075,2382,SUNNY OPTICAL    HKD   ,11256000,98060678
1076,2383,TOM GROUP        HKD   ,163000,136880
1077,2388,BOC HONG KONG    HKD  ,27604694,721877002
1078,2389,GENVON GROUP     HKD   ,824000,216552
1079,2398,GOOD FRIEND      HKD   ,8000,20660
1080,2488,LAUNCH TECH      HKD   ,58000,549165
1081,2600,CHALCO           HKD   ,14645456,45795944
1082,2601,CPIC             HKD  ,7159152,187165078
1083,2607,SH PHARMA        HKD  ,1265500,21130260
1084,2618,TCL COMM         HKD   ,599640,1386359
1085,2623,CH ZHONGSHENG    HKD   ,36000,93640
1086,2626,HNC              HKD   ,12890000,31176160
1087,2628,CHINA LIFE       HKD  ,45428549,942502780
1088,2662,FITTEC           HKD   ,154000,40310
1089,2678,TEXHONG TEXTILE  HKD   ,410000,3084460
1090,2688,ENN ENERGY       HKD  ,4223000,179324522
1091,2689,ND PAPER         HKD   ,11300400,84525770
1092,2698,WEIQIAO TEXTILE  HKD   ,1515500,6526327
1093,2700,GREEN INTL HLDG  HKD   ,5160000,1044200
1094,2722,CHONGQING M&amp;E    HKD   ,4882000,5517500
1095,2727,SH ELECTRIC      HKD   ,11822000,36338870
1096,2728,SHINHINT         HKD   ,12000,4800
1097,2777,R&amp;F PROPERTIES   HKD  ,9363600,120594480
1098,2778,CHAMPION REIT    HKD   ,10967909,44222805
1099,2789,YUANDA CHINA     HKD   ,1704000,1381980
1100,2800,TRACKER FUND     HKD  ,12924886,294081745
1101,2801,ISHARES CHINA    HKD  ,55200,1086308
1102,2802,ISHARES EM ASIA  HKD  ,200,8540
1103,2819,ABF HK IDX ETF   HKD ,2000,205850
1104,2821,ABF PAIF         USD ,3320,430361
1105,2822,CSOP A50 ETF     HKD  ,59804800,628495618
1106,2823,X ISHARES A50    HKD  ,130818499,1415313972
1107,2824,LIPPO HK&amp;M PROP  HKD  ,7800,315910
1108,2827,X WISECSI300ETF  HKD  ,1015800,28638740
1109,2828,HS H-SHARE ETF   HKD ,3338083,368312522
1110,2829,X ISHARES A FIN  HKD  ,6000,70030
1111,2833,HS HSI ETF       HKD ,4500,1022680
1112,2836,ISHARES INDIA    HKD  ,721400,11006100
1113,2839,WISE HKLMREAL    HKD   ,1000,6520
1114,2840,SPDR GOLD TRUST  HKD,9630,11546060
1115,2841,X ISHARES A STA  HKD  ,2200,37668
1116,2844,X DBCSI300FIN    HKD   ,520600,5187872
1117,2846,X ISHARESCSI300  HKD  ,1000,22250
1118,2866,CSCL             HKD   ,21009000,46001910
1119,2868,BJ CAPITAL LAND  HKD   ,3006000,8847140
1120,2877,SHINEWAY PHARM   HKD  ,1134000,15786360
1121,2878,SOLOMON SYSTECH  HKD   ,1098000,230786
1122,2880,DALIAN PORT      HKD   ,2782000,4998680
1123,2882,HKRH             HKD   ,9369104,1782110
1124,2883,CHINA OILFIELD   HKD  ,10802287,177016359
1125,2888,STANCHART        HKD ,249130,50265959
1126,2889,CNR HOLDINGS     HKD   ,3224000,1641120
1127,2899,ZIJIN MINING     HKD   ,17836294,46127764
1128,2984,AMCO UNITED      HKD   ,303800,61013
1129,2985,ICUBE TECH       HKD   ,138000,27600
1130,2986,HAITONG INT RTS  HKD   ,4612139,3123557
1131,3001,X ISHARES A DIS  HKD  ,2000,28880
1132,3002,POLARISTAIWAN50  HKD  ,3000,33300
1133,3006,X ISHARES A INF  HKD   ,2000,19600
1134,3010,ISHARES APEX 50  HKD  ,200,7970
1135,3020,X DBMSCIUSA      HKD ,2385,713718
1136,3029,X XIE MALAY      HKD   ,21300,183096
1137,3039,X ISHARES A MAT  HKD   ,100,963
1138,3041,VALUE KOREA ETF  HKD  ,700,20055
1139,3046,VALUE CHINA ETF  HKD  ,400,14970
1140,3049,X DBCSI300       HKD   ,1874700,11789223
1141,3057,X DBCSI300HEAL   HKD  ,35000,489800
1142,3061,X DBCSI300BANK   HKD  ,49000,503340
1143,3070,PING AN HKDIV    HKD  ,300,6735
1144,3072,PING AN HKMID    HKD  ,3000,66000
1145,3081,VALUE GOLD ETF   HKD  ,31100,1225465
1146,3084,VALUE JAPAN ETF  HKD  ,115500,1400610
1147,3087,X DBFTSEVIET     HKD ,10270,2034676
1148,3100,EFUND CSI100     HKD  ,286100,8739235
1149,3117,ETFS SILVER      HKD ,1010,224238
1150,3118,HGI MSCI CN A    HKD  ,122800,1335204
1151,3119,ETFS PLATINUM    HKD,2,2446
1152,3188,CAM CSI300       HKD  ,4610400,146906670
1153,3300,CHINA GLASS      HKD   ,2324000,2604560
1154,3303,JUTAL OIL SER    HKD   ,26960000,54650820
1155,3308,GOLDEN EAGLE     HKD  ,3477000,48366938
1156,3311,CHINA STATE CON  HKD  ,1956404,20770426
1157,3322,WIN HANVERKY     HKD   ,1192000,1118940
1158,3323,CNBM             HKD  ,63960278,642150755
1159,3328,BANKCOMM         HKD   ,16570931,100241732
1160,3330,LINGBAO GOLD     HKD   ,155000,452690
1161,3331,VINDA INT'L      HKD  ,6410000,70466560
1162,3333,EVERGRANDE       HKD   ,329378506,1051924860
1163,3335,DBA TELECOM      HKD   ,144000,655920
1164,3336,JU TENG INTL     HKD   ,5661001,27320958
1165,3337,ANTON OILFIELD   HKD   ,19198000,105022350
1166,3339,LONKING          HKD   ,11737000,20318010
1167,3344,ADDCHANCE        HKD   ,1362000,1451100
1168,3355,ASMC             HKD   ,804000,269330
1169,3360,FE HORIZON       HKD   ,8246000,43683310
1170,3363,ZHENGYE INT'L    HKD   ,282000,200700
1171,3366,OCT (ASIA)       HKD   ,94000,362720
1172,3368,PARKSON GROUP    HKD   ,4945000,23277797
1173,3377,SINO-OCEAN LAND  HKD   ,12262125,57480268
1174,3378,XIAMEN PORT      HKD   ,1216000,1292520
1175,3382,TIANJINPORT DEV  HKD   ,2977018,3435811
1176,3383,AGILE PROPERTY   HKD   ,14786000,137095128
1177,3389,HENGDELI         HKD   ,30017000,65688510
1178,3393,WASION GROUP     HKD   ,1480000,6847140
1179,3398,CHINA TING       HKD   ,13789372,6781237
1180,3399,GD NY LOGISTICS  HKD   ,50000,90110
1181,3618,CQRC BANK        HKD   ,9212000,39567177
1182,3633,ZHONGYU GAS      HKD   ,1527000,4193760
1183,3663,XIEZHONG INTL    HKD   ,56000,53200
1184,3666,XIAO NAN GUO     HKD   ,550000,739880
1185,3669,YONGDA AUTO      HKD   ,130000,1050397
1186,3683,GREAT HARVEST    HKD   ,35000,41350
1187,3688,TOP SPRING       HKD   ,204500,1159715
1188,3777,C FIBER OPTIC    HKD   ,14592000,16822560
1189,3778,CHINA WEAVING    HKD   ,116000,100280
1190,3788,CHINA HANKING    HKD   ,51000,96920
1191,3800,GCL-POLY ENERGY  HKD   ,77561295,126134385
1192,3808,SINOTRUK         HKD   ,1082500,4728655
1193,3813,POU SHENG INT'L  HKD   ,164000,79335
1194,3816,KFM KINGDOM      HKD   ,2268000,3099520
1195,3818,CHINA DONGXIANG  HKD   ,14600000,17485495
1196,3823,TECH PRO         HKD   ,3708000,10987320
1197,3828,MING FAI INT'L   HKD   ,100000,82010
1198,3833,XINXIN MINING    HKD   ,1443000,2409560
1199,3838,CHINA STARCH     HKD   ,1650000,367040
1200,3883,CHINA AOYUAN     HKD   ,9550000,16112570
1201,3886,TOWN HEALTH      HKD   ,6455940,3718161
1202,3888,KINGSOFT         HKD   ,7379000,52092589
1203,3889,GLOBAL SWEET     HKD   ,86000,50900
1204,3898,CSR TIMES ELEC   HKD  ,2878000,65095954
1205,3899,CIMC ENRIC       HKD   ,2110000,18796800
1206,3900,GREENTOWN CHINA  HKD  ,7715794,109040273
1207,3918,NAGACORP         HKD   ,3988454,25696288
1208,3933,UNITED LAB       HKD   ,2659505,9354122
1209,3939,WANGUO MINING    HKD   ,582000,1363380
1210,3948,YITAI COAL       HKD  ,832740,36061467
1211,3968,CM BANK          HKD  ,14639742,251066563
1212,3983,CHINA BLUECHEM   HKD   ,4308795,20791425
1213,3988,BANK OF CHINA    HKD   ,519041793,1881642861
1214,3989,NEW ENV ENERGY   HKD   ,3098400,840048
1215,3993,CMOC             HKD   ,7567000,26408940
1216,3998,BOSIDENG         HKD   ,5360000,13163990
1217,3999,DACHAN FOOD      HKD   ,230000,260710
1218,4208,HKGB IBOND 1407  HKD ,15800,1626680
1219,4214,HKGB IBOND 1506  HKD ,203000,21524625
1220,6030,CITIC SEC        HKD  ,7954494,138456161
1221,6210,VALE COMMON-DRS  HKD ,1000,134800
1222,6808,SUNART RETAIL    HKD  ,8254000,88013515
1223,6823,HKT-SS           HKD   ,4647214,35297845
1224,6828,C PRINT POWER    HKD   ,862000,1352260
1225,6830,HUAZHONG HLDG    HKD   ,6090000,8080260
1226,6837,HAITONG SEC      HKD  ,11322896,125196146
1227,6838,WINOX            HKD   ,986000,1065740
1228,6868,TENFU            HKD   ,44000,183180
1229,6880,OTO HOLDINGS     HKD   ,606000,414420
1230,6883,MELCO CROWN      HKD  ,21300,1265550
